graph,group,graph,group,graph,group
0.7705500000000001,training,0.49088999999999994,valid,0.4824400000000001,test
